channel_name,channel_url
MrBeast6000,https://www.youtube.com/user/MrBeast6000/videos
PewDiePie,https://www.youtube.com/user/PewDiePie/videos
setindia,https://www.youtube.com/c/setindia/videos
Cocomelon - Nursery Rhymes,https://www.youtube.com/c/CoComelon/videos
Like Nastya,https://www.youtube.com/channel/UCJplp5SjeGSdVdwsfb9Q7lQ/videos
âœ¿ Kids Diana Show,https://www.youtube.com/c/KidsDianaShow/videos
WWE,https://www.youtube.com/c/WWE/videos
Zee Music Company,https://www.youtube.com/user/zeemusiccompany/videos
Vlad and Niki,https://www.youtube.com/c/VladandNiki/videos
BLACKPINK,https://www.youtube.com/c/BLACKPINKOFFICIAL/videos
5-Minute Crafts,https://www.youtube.com/c/5MinuteCraftsYouTube/videos
Goldmines,https://www.youtube.com/c/GoldminesTelefilms/videos
Sony SAB,https://www.youtube.com/c/sonysab
BANGTANTV,https://www.youtube.com/c/BANGTANTV/videos
Justin Bieber,https://www.youtube.com/c/justinbieber/videos
HYBE LABELS,https://www.youtube.com/c/HYBELABELS/videos
Canal KondZilla,https://www.youtube.com/c/KondZilla/videos
Zee TV,https://www.youtube.com/user/zeetv/videos
Shemaroo Filmi Gaane,https://www.youtube.com/c/filmigaane/videos